{
	"info": {
		"_postman_id": "7e327d6a-bb47-4ef4-94e0-c0e618475509",
		"name": "Blog App Api",
		"schema": "https://schema.getpostman.com/json/collection/v2.1.0/collection.json",
		"_exporter_id": "25268299"
	},
	"item": [
		{
			"name": "Get All Users",
			"request": {
				"method": "GET",
				"header": [],
				"url": {
					"raw": "http://localhost:8080/api/user/getall",
					"protocol": "http",
					"host": [
						"localhost"
					],
					"port": "8080",
					"path": [
						"api",
						"user",
						"getall"
					]
				}
			},
			"response": []
		},
		{
			"name": "Create User",
			"request": {
				"method": "POST",
				"header": [],
				"body": {
					"mode": "raw",
					"raw": "{\r\n\t\t    \"name\": \"sdsds\",\r\n\t\t    \"email\":\"deak\",\r\n\t\t    \"password\": \"\",\r\n\t\t    \"about\":\"I am a Programmer\"\r\n\r\n\t\t}",
					"options": {
						"raw": {
							"language": "json"
						}
					}
				},
				"url": {
					"raw": "http://localhost:8080/api/user/create",
					"protocol": "http",
					"host": [
						"localhost"
					],
					"port": "8080",
					"path": [
						"api",
						"user",
						"create"
					]
				}
			},
			"response": []
		},
		{
			"name": "Update User",
			"request": {
				"method": "PUT",
				"header": [
					{
						"key": "Authorization",
						"value": "Bearer eyJhbGciOiJIUzI1NiJ9.eyJzdWIiOiJOaXRpbkBnbWFpbC5jb20iLCJleHAiOjE2ODg3NjE5MDksImlhdCI6MTY4ODcyNTkwOX0.sVlh9i6yfO1XTrRFNuKArrOvgTVKHat3oOqWcPODIj4",
						"type": "text"
					}
				],
				"body": {
					"mode": "raw",
					"raw": "{\r\n\t\t    \"name\": \"Yash More\",\r\n\t\t    \"email\":\"yash@gmail.com\",\r\n\t\t    \"password\": \"1234\",\r\n\t\t    \"about\":\"I am a Java Developer\"\r\n            \r\n\t\t}",
					"options": {
						"raw": {
							"language": "json"
						}
					}
				},
				"url": {
					"raw": "http://localhost:8080/api/user/update/2",
					"protocol": "http",
					"host": [
						"localhost"
					],
					"port": "8080",
					"path": [
						"api",
						"user",
						"update",
						"2"
					]
				}
			},
			"response": []
		},
		{
			"name": "Delete User",
			"request": {
				"method": "DELETE",
				"header": [],
				"url": {
					"raw": "http://localhost:8080/api/user/delete/4",
					"protocol": "http",
					"host": [
						"localhost"
					],
					"port": "8080",
					"path": [
						"api",
						"user",
						"delete",
						"4"
					]
				}
			},
			"response": []
		},
		{
			"name": "Get Single User",
			"request": {
				"method": "GET",
				"header": [],
				"url": {
					"raw": "http://localhost:8080/api/user/4",
					"protocol": "http",
					"host": [
						"localhost"
					],
					"port": "8080",
					"path": [
						"api",
						"user",
						"4"
					]
				}
			},
			"response": []
		},
		{
			"name": "Create Category",
			"request": {
				"method": "POST",
				"header": [],
				"body": {
					"mode": "raw",
					"raw": "{\r\n    \"categoryTitle\": \"Programming Language\",\r\n    \"categoryDescription\": \"This category contains topics related to programming languages\"\r\n\r\n}",
					"options": {
						"raw": {
							"language": "json"
						}
					}
				},
				"url": {
					"raw": "http://localhost:8080/api/category/create",
					"protocol": "http",
					"host": [
						"localhost"
					],
					"port": "8080",
					"path": [
						"api",
						"category",
						"create"
					]
				}
			},
			"response": []
		},
		{
			"name": "Get Category",
			"request": {
				"method": "GET",
				"header": [],
				"url": {
					"raw": "http://localhost:8080/api/category/2",
					"protocol": "http",
					"host": [
						"localhost"
					],
					"port": "8080",
					"path": [
						"api",
						"category",
						"2"
					]
				}
			},
			"response": []
		},
		{
			"name": "Get All Categories",
			"request": {
				"method": "GET",
				"header": [],
				"url": {
					"raw": "http://localhost:8080/api/category/getall",
					"protocol": "http",
					"host": [
						"localhost"
					],
					"port": "8080",
					"path": [
						"api",
						"category",
						"getall"
					]
				}
			},
			"response": []
		},
		{
			"name": "Delete Category",
			"request": {
				"method": "DELETE",
				"header": [],
				"url": {
					"raw": "http://localhost:8080/api/category/delete/2",
					"protocol": "http",
					"host": [
						"localhost"
					],
					"port": "8080",
					"path": [
						"api",
						"category",
						"delete",
						"2"
					]
				}
			},
			"response": []
		},
		{
			"name": "Update Category",
			"request": {
				"method": "PUT",
				"header": [],
				"body": {
					"mode": "raw",
					"raw": "{\r\n    \"categoryTitle\": \"General Knowledge\",\r\n    \"categoryDescription\": \"This category contains topics related to General Knowledge\"\r\n\r\n}",
					"options": {
						"raw": {
							"language": "json"
						}
					}
				},
				"url": {
					"raw": "http://localhost:8080/api/category/update/1",
					"protocol": "http",
					"host": [
						"localhost"
					],
					"port": "8080",
					"path": [
						"api",
						"category",
						"update",
						"1"
					]
				}
			},
			"response": []
		},
		{
			"name": "Create Post",
			"request": {
				"method": "POST",
				"header": [],
				"body": {
					"mode": "raw",
					"raw": "{\r\n    \"title\": \"What is a Python?\",\r\n    \"content\": \"Python is a programming language. It is alos used in Machine Learning\"\r\n}",
					"options": {
						"raw": {
							"language": "json"
						}
					}
				},
				"url": {
					"raw": "http://localhost:8080/api/post/4/1",
					"protocol": "http",
					"host": [
						"localhost"
					],
					"port": "8080",
					"path": [
						"api",
						"post",
						"4",
						"1"
					]
				}
			},
			"response": []
		},
		{
			"name": "Get Post By User",
			"request": {
				"method": "GET",
				"header": [],
				"url": {
					"raw": "http://localhost:8080/api/post/u/2",
					"protocol": "http",
					"host": [
						"localhost"
					],
					"port": "8080",
					"path": [
						"api",
						"post",
						"u",
						"2"
					]
				}
			},
			"response": []
		},
		{
			"name": "Get Post By Category",
			"request": {
				"method": "GET",
				"header": [],
				"url": {
					"raw": "http://localhost:8080/api/post/c/1",
					"protocol": "http",
					"host": [
						"localhost"
					],
					"port": "8080",
					"path": [
						"api",
						"post",
						"c",
						"1"
					]
				}
			},
			"response": []
		},
		{
			"name": "Get All Posts",
			"request": {
				"method": "GET",
				"header": [],
				"url": {
					"raw": "http://localhost:8080/api/post/getall?pageNo=1&pageSize=2",
					"protocol": "http",
					"host": [
						"localhost"
					],
					"port": "8080",
					"path": [
						"api",
						"post",
						"getall"
					],
					"query": [
						{
							"key": "pageNo",
							"value": "1"
						},
						{
							"key": "pageSize",
							"value": "2"
						}
					]
				}
			},
			"response": []
		},
		{
			"name": "Get Single Post",
			"request": {
				"method": "GET",
				"header": [],
				"url": {
					"raw": "http://localhost:8080/api/post/1",
					"protocol": "http",
					"host": [
						"localhost"
					],
					"port": "8080",
					"path": [
						"api",
						"post",
						"1"
					]
				}
			},
			"response": []
		},
		{
			"name": "Delete Post",
			"request": {
				"method": "DELETE",
				"header": [],
				"url": {
					"raw": "http://localhost:8080/api/post/delete/13",
					"protocol": "http",
					"host": [
						"localhost"
					],
					"port": "8080",
					"path": [
						"api",
						"post",
						"delete",
						"13"
					]
				}
			},
			"response": []
		},
		{
			"name": "Update Post",
			"request": {
				"method": "PUT",
				"header": [],
				"body": {
					"mode": "raw",
					"raw": "{\r\n\r\n    \"title\": \"which is best programming language for web?\",\r\n    \"content\": \"Java, Javascript, php are mostly used and best.\",\r\n    \"imageName\": \"default.png\"\r\n\r\n}",
					"options": {
						"raw": {
							"language": "json"
						}
					}
				},
				"url": {
					"raw": "http://localhost:8080/api/post/11",
					"protocol": "http",
					"host": [
						"localhost"
					],
					"port": "8080",
					"path": [
						"api",
						"post",
						"11"
					]
				}
			},
			"response": []
		},
		{
			"name": "Upload Post Image",
			"request": {
				"method": "POST",
				"header": [],
				"body": {
					"mode": "formdata",
					"formdata": [
						{
							"key": "image",
							"type": "file",
							"src": []
						}
					]
				},
				"url": {
					"raw": "http://localhost:8080/api/post/uploadimage/11",
					"protocol": "http",
					"host": [
						"localhost"
					],
					"port": "8080",
					"path": [
						"api",
						"post",
						"uploadimage",
						"11"
					]
				}
			},
			"response": []
		},
		{
			"name": "Get Post Image",
			"protocolProfileBehavior": {
				"disableBodyPruning": true
			},
			"request": {
				"auth": {
					"type": "basic",
					"basic": [
						{
							"key": "username",
							"value": "swapnil@gmail.com",
							"type": "string"
						},
						{
							"key": "password",
							"value": "1234",
							"type": "string"
						}
					]
				},
				"method": "GET",
				"header": [
					{
						"key": "Authorization",
						"value": "Bearer eyJhbGciOiJIUzI1NiJ9.eyJzdWIiOiJzd2FwbmlsQGdtYWlsLmNvbSIsImV4cCI6MTY5MzAwOTI4NCwiaWF0IjoxNjkyOTczMjg0fQ.QqOhZTACX4_Trs4vrrQXGjeYRvCPAJrOtYgDQbx9ALo",
						"type": "text",
						"disabled": true
					}
				],
				"body": {
					"mode": "raw",
					"raw": "{\r\n\r\n \"username\":\"Swapnil\",\r\n \"password\": \"1234\"\r\n\r\n}",
					"options": {
						"raw": {
							"language": "json"
						}
					}
				},
				"url": {
					"raw": "http://localhost:8080/api/post/image/4",
					"protocol": "http",
					"host": [
						"localhost"
					],
					"port": "8080",
					"path": [
						"api",
						"post",
						"image",
						"4"
					]
				}
			},
			"response": []
		},
		{
			"name": "Create Comment",
			"request": {
				"method": "POST",
				"header": [],
				"body": {
					"mode": "raw",
					"raw": "{\r\n    \"content\": \"Python is nowadays on demand\"\r\n}",
					"options": {
						"raw": {
							"language": "json"
						}
					}
				},
				"url": {
					"raw": "http://localhost:8080/api/comment/create/1/3",
					"protocol": "http",
					"host": [
						"localhost"
					],
					"port": "8080",
					"path": [
						"api",
						"comment",
						"create",
						"1",
						"3"
					]
				}
			},
			"response": []
		},
		{
			"name": "Login / Generate Token",
			"request": {
				"method": "POST",
				"header": [],
				"body": {
					"mode": "raw",
					"raw": "{\r\n    \"username\": \"\",\r\n    \"password\": \"\"\r\n}",
					"options": {
						"raw": {
							"language": "json"
						}
					}
				},
				"url": {
					"raw": "http://localhost:8080/api/login",
					"protocol": "http",
					"host": [
						"localhost"
					],
					"port": "8080",
					"path": [
						"api",
						"login"
					]
				}
			},
			"response": []
		},
		{
			"name": "Register New User",
			"request": {
				"method": "POST",
				"header": [],
				"body": {
					"mode": "raw",
					"raw": "{\r\n    \"name\":\"Nitin\",\r\n    \"email\":\"Nitin@gmail.com\",\r\n    \"password\": \"1234\",\r\n    \"about\":\"I am a student learning Javascript\"\r\n\r\n}",
					"options": {
						"raw": {
							"language": "json"
						}
					}
				},
				"url": {
					"raw": "http://localhost:8080/api/register",
					"protocol": "http",
					"host": [
						"localhost"
					],
					"port": "8080",
					"path": [
						"api",
						"register"
					]
				}
			},
			"response": []
		},
		{
			"name": "Update User with Role",
			"request": {
				"method": "PUT",
				"header": [
					{
						"key": "Authorization",
						"value": "Bearer eyJhbGciOiJIUzI1NiJ9.eyJzdWIiOiJzd2FwbmlsQGdtYWlsLmNvbSIsImV4cCI6MTY4ODc3MzIzMSwiaWF0IjoxNjg4NzM3MjMxfQ.M9y2WgojA2u1RNXmG45mgZ9F_nHaFv-RUevYSvH1iEI",
						"type": "text"
					}
				],
				"body": {
					"mode": "raw",
					"raw": "{   \r\n          \"id\":\"3\",\r\n\t\t    \"name\": \"Pratik\",\r\n\t\t    \"email\":\"pratik@gmail.com\",\r\n\t\t    \"password\": \"1234\",\r\n\t\t    \"about\":\"I am a Programmer\",\r\n             \"roles\": [\r\n                {\r\n                \"id\": 2,\r\n                \"name\": \"ROLE_USER\"\r\n                }\r\n             ]\r\n            \r\n\r\n\t\t}",
					"options": {
						"raw": {
							"language": "json"
						}
					}
				},
				"url": {
					"raw": "http://localhost:8080/api/update2/3",
					"protocol": "http",
					"host": [
						"localhost"
					],
					"port": "8080",
					"path": [
						"api",
						"update2",
						"3"
					]
				},
				"description": "Update User with Role"
			},
			"response": []
		}
	]
}