{
	"info": {
		"_postman_id": "6e51b8e6-7f1d-4555-878e-3e5fe6cbd7ab",
		"name": "Hotels with Users Ratings",
		"schema": "https://schema.getpostman.com/json/collection/v2.1.0/collection.json",
		"_exporter_id": "25268299"
	},
	"item": [
		{
			"name": "Hotel Service API's",
			"item": [
				{
					"name": "Get All Hotels",
					"request": {
						"method": "GET",
						"header": [],
						"url": {
							"raw": "http://localhost:8081/hotel/all",
							"protocol": "http",
							"host": [
								"localhost"
							],
							"port": "8081",
							"path": [
								"hotel",
								"all"
							]
						}
					},
					"response": []
				},
				{
					"name": "Get Single Hotel",
					"request": {
						"method": "GET",
						"header": [],
						"url": {
							"raw": "http://localhost:8081/hotel/1",
							"protocol": "http",
							"host": [
								"localhost"
							],
							"port": "8081",
							"path": [
								"hotel",
								"1"
							]
						}
					},
					"response": []
				}
			]
		},
		{
			"name": "Rating Service API's",
			"item": [
				{
					"name": "Get All Ratings",
					"request": {
						"method": "GET",
						"header": [],
						"url": {
							"raw": "http://localhost:8082/rating/all",
							"protocol": "http",
							"host": [
								"localhost"
							],
							"port": "8082",
							"path": [
								"rating",
								"all"
							]
						}
					},
					"response": []
				},
				{
					"name": "Get Ratings with Hotel ID",
					"request": {
						"method": "GET",
						"header": [],
						"url": {
							"raw": "http://localhost:8082/rating/hotel/1",
							"protocol": "http",
							"host": [
								"localhost"
							],
							"port": "8082",
							"path": [
								"rating",
								"hotel",
								"1"
							]
						}
					},
					"response": []
				}
			]
		},
		{
			"name": "User Service API's",
			"item": [
				{
					"name": "Get All Users",
					"request": {
						"method": "GET",
						"header": [],
						"url": {
							"raw": "http://localhost:8083/user/all",
							"protocol": "http",
							"host": [
								"localhost"
							],
							"port": "8083",
							"path": [
								"user",
								"all"
							]
						}
					},
					"response": []
				},
				{
					"name": "Get Single User",
					"request": {
						"method": "GET",
						"header": [],
						"url": {
							"raw": "http://localhost:8083/user/1",
							"protocol": "http",
							"host": [
								"localhost"
							],
							"port": "8083",
							"path": [
								"user",
								"1"
							]
						}
					},
					"response": []
				}
			]
		},
		{
			"name": "Accessing with API Gateway",
			"item": [
				{
					"name": "Get All Hotels",
					"request": {
						"method": "GET",
						"header": [],
						"url": {
							"raw": "http://localhost:8084/hotel/all",
							"protocol": "http",
							"host": [
								"localhost"
							],
							"port": "8084",
							"path": [
								"hotel",
								"all"
							]
						}
					},
					"response": []
				},
				{
					"name": "Get Single Hotel",
					"request": {
						"method": "GET",
						"header": [],
						"url": {
							"raw": "http://localhost:8081/hotel/1",
							"protocol": "http",
							"host": [
								"localhost"
							],
							"port": "8081",
							"path": [
								"hotel",
								"1"
							]
						}
					},
					"response": []
				},
				{
					"name": "Get All Ratings",
					"request": {
						"method": "GET",
						"header": [],
						"url": {
							"raw": "http://localhost:8084/rating/all",
							"protocol": "http",
							"host": [
								"localhost"
							],
							"port": "8084",
							"path": [
								"rating",
								"all"
							]
						}
					},
					"response": []
				},
				{
					"name": "Get Ratings with Hotel ID",
					"request": {
						"method": "GET",
						"header": [],
						"url": {
							"raw": "http://localhost:8084/rating/hotel/1",
							"protocol": "http",
							"host": [
								"localhost"
							],
							"port": "8084",
							"path": [
								"rating",
								"hotel",
								"1"
							]
						}
					},
					"response": []
				},
				{
					"name": "Get All Users",
					"request": {
						"method": "GET",
						"header": [],
						"url": {
							"raw": "http://localhost:8084/user/all",
							"protocol": "http",
							"host": [
								"localhost"
							],
							"port": "8084",
							"path": [
								"user",
								"all"
							]
						}
					},
					"response": []
				}
			]
		},
		{
			"name": "Get Single User",
			"request": {
				"method": "GET",
				"header": [],
				"url": {
					"raw": "http://localhost:8084/user/1",
					"protocol": "http",
					"host": [
						"localhost"
					],
					"port": "8084",
					"path": [
						"user",
						"1"
					]
				}
			},
			"response": []
		}
	]
}